"Cryptocurrency","Year","FileName"
999,"01/12/2019","999.txt"
"0chain","04/08/2019","0chain.txt"
"0x","21/02/2017","0x.txt"
"0xcert","09/07/2019","0xcert.txt"
"1irstcoin","01/04/2019","1irstcoin.txt"
"1World","01/10/2017","1World.txt"
"1X2 Coin","01/10/2018","1X2 Coin.txt"
"Aave","20/12/2017","Aave.txt"
"ABBC Foundation","01/03/2018","ABBC Foundation.txt"
"ABCC Token","01/04/2018","ABCC Token.txt"
"Abjcoin","09/07/2017","Abjcoin.txt"
"ABLE","18/03/2018","ABLE.txt"
"Absolute","10/06/2018","Absolute.txt"
"AceD","01/03/2018","AceD.txt"
"Achain","01/05/2014","Achain.txt"
"Acoin","03/12/2017","Acoin.txt"
"ACRE","08/08/2018","ACRE.txt"
"Acute Angle Cloud","04/06/2018","Acute Angle Cloud.txt"
"adbank","01/04/2017","adbank.txt"
"AdEx","01/06/2017","AdEx.txt"
"Aditus","01/07/2017","Aditus.txt"
"ADN","01/05/2019","ADN.txt"
"AdShares","03/06/2017","AdShares.txt"
"Adtoken","31/05/2017","Adtoken.txt"
"Adzcoin","12/07/2017","Adzcoin.txt"
"Aencoin","01/02/2018","Aencoin.txt"
"Aergo","10/07/2018","Aergo.txt"
"Aeron","01/03/2018","Aeron.txt"
"aeternity","20/01/2017","aeternity.txt"
"Afin","01/08/2018","Afin.txt"
"Agrello","10/11/2017","Agrello.txt"
"Agrocoin","01/02/2019","Agrocoin.txt"
"AgrolifeCoin","01/03/2017","AgrolifeCoin.txt"
"Agrolot","01/07/2018","Agrolot.txt"
"AI Doctor","15/02/2018","AI Doctor.txt"
"AICHAIN","01/01/2018","AICHAIN.txt"
"Aidos Kuneen","01/01/2018","Aidos Kuneen.txt"
"Aidus","01/09/2018","Aidus.txt"
"AiLink Token","01/02/2018","AiLink Token.txt"
"Airbloc","01/02/2018","Airbloc.txt"
"AirFox","21/08/2017","AirFox.txt"
"AirSwap","21/06/2017","AirSwap.txt"
"AirWire","01/05/2018","AirWire.txt"
"Aitheon","01/01/2018","Aitheon.txt"
"Akroma","01/09/2019","Akroma.txt"
"Aladdin","01/02/2018","Aladdin.txt"
"ALAX","01/08/2018","ALAX.txt"
"Alchemint","26/05/2017","Alchemint.txt"
"Algorand","01/03/2018","Algorand.txt"
"Alibabacoin","06/09/2017","Alibabacoin.txt"
"All Sports","07/02/2018","All Sports.txt"
"Almeela","10/08/2018","Almeela.txt"
"Alphacat","01/02/2018","Alphacat.txt"
"alphacoin","01/12/2018","alphacoin.txt"
"Alphacon","08/04/2018","Alphacon.txt"
"ALQO","26/11/2017","ALQO.txt"
"Altlas Protocol","30/05/2019","Altlas Protocol.txt"
"AMARK","07/08/2019","AMARK.txt"
"Ambrosus","28/10/2017","Ambrosus.txt"
"Amino Network","01/10/2018","Amino Network.txt"
"AMO Coin","01/05/2018","AMO Coin.txt"
"AmonD","01/04/2018","AmonD.txt"
"Ampleforth","20/05/2019","Ampleforth.txt"
"Anchor","19/11/2019","Anchor.txt"
"Apex","01/11/2018","Apex.txt"
"APIS","01/12/2017","APIS.txt"
"apM Coin","01/02/2020","apM Coin.txt"
"Apollo","01/02/2018","Apollo.txt"
"Apollon","07/04/2018","Apollon.txt"
"APOT","05/10/2018","APOT.txt"
"Appcoins","04/12/2017","Appcoins.txt"
"Arbidex","27/12/2017","Arbidex.txt"
"ArcBlock","25/12/2017","ArcBlock.txt"
"Ardor","01/11/2018","Ardor.txt"
"Arepacoin","01/09/2018","Arepacoin.txt"
"Arionum","01/08/2018","Arionum.txt"
"Ark.io","01/04/2019","Ark.io.txt"
"ArtByte","01/05/2014","ArtByte.txt"
"Aryacoin","25/05/2019","Aryacoin.txt"
"Asch","01/04/2017","Asch.txt"
"Asgard","23/10/2018","Asgard.txt"
"Asian Dragon","01/10/2018","Asian Dragon.txt"
"Aston","01/05/2019","Aston.txt"
"ATBCoin","07/08/2017","ATBCoin.txt"
"Atlant","29/07/2017","Atlant.txt"
"Atlantis Blue Digital Token","07/12/2017","Atlantis Blue Digital Token.txt"
"ATN","06/02/2018","ATN.txt"
"Atonomi","06/06/2018","Atonomi.txt"
"Auctus","09/05/2018","Auctus.txt"
"Augur","01/11/2019","Augur.txt"
"Aurora","21/01/2018","Aurora.txt"
"AuroraCoin","24/01/2014","AuroraCoin.txt"
"Authorship","15/08/2017","Authorship.txt"
"Aventus","01/06/2018","Aventus.txt"
"AVINOC","01/05/2018","AVINOC.txt"
"B2B","11/09/2017","B2B.txt"
"B91","12/06/2019","B91.txt"
"BaaSid","12/02/2018","BaaSid.txt"
"BABB","20/12/2017","BABB.txt"
"Banca","01/01/2018","Banca.txt"
"Band Protocol","01/05/2019","Band Protocol.txt"
"Bankcoin","21/11/2017","Bankcoin.txt"
"Bankera","01/02/2018","Bankera.txt"
"Bankex","19/10/2017","Bankex.txt"
"Banyan Network","21/03/2018","Banyan Network.txt"
"Basic Attention Token","13/03/2018","Basic Attention Token.txt"
"Bastonet","01/08/2018","Bastonet.txt"
"BawNetwork","20/07/2018","BawNetwork.txt"
"Bayan Token","17/04/2018","Bayan Token.txt"
"BBSCoin","01/01/2018","BBSCoin.txt"
"BCDiploma","20/04/2018","BCDiploma.txt"
"BEAM","19/06/2018","BEAM.txt"
"beat","05/06/2018","beat.txt"
"Beaxy Exchange","01/05/2018","Beaxy Exchange.txt"
"Bee Token","06/11/2018","Bee Token.txt"
"BeeKan","01/03/2018","BeeKan.txt"
"Beetle Coin","23/02/2018","Beetle Coin.txt"
"Bela","01/01/2014","Bela.txt"
"Beldex","01/11/2019","Beldex.txt"
"Bethereum","22/11/2018","Bethereum.txt"
"BetterBetting","05/05/2018","BetterBetting.txt"
"Bezant","23/04/2018","Bezant.txt"
"BFFDoom","12/09/2017","BFFDoom.txt"
"Bgogo token","19/09/2018","Bgogo token.txt"
"BHP Network","01/12/2018","BHP Network.txt"
"BiblePay","12/04/2018","BiblePay.txt"
"Bibox","01/10/2017","Bibox.txt"
"BidiPass","11/05/2018","BidiPass.txt"
"Bidooh","04/10/2018","Bidooh.txt"
"Bigbom","01/03/2018","Bigbom.txt"
"Bilaxy","01/04/2019","Bilaxy.txt"
"Billionaire Token","20/12/2019","Billionaire Token.txt"
"Binance","22/06/2017","Binance.txt"
"BiNGOFun","12/08/2018","BiNGOFun.txt"
"BioCoin","31/08/2017","BioCoin.txt"
"Bionic","01/03/2018","Bionic.txt"
"BipCoin","01/08/2017","BipCoin.txt"
"Bismuth","13/08/2019","Bismuth.txt"
"BitBay","12/07/2014","BitBay.txt"
"BitBean","13/02/2015","BitBean.txt"
"Bitblocks","20/11/2018","Bitblocks.txt"
"Bitbook Gambling","01/01/2019","Bitbook Gambling.txt"
"BitCash","01/08/2017","BitCash.txt"
"bitCEO","01/11/2018","bitCEO.txt"
"Bitcloud Pro","01/02/2020","Bitcloud Pro.txt"
"BitCoen","28/11/2017","BitCoen.txt"
"Bitcoiin2Gen","03/12/2018","Bitcoiin2Gen.txt"
"bitcoin","03/01/2009","bitcoin.txt"
"Bitcoin Cash","02/08/2017","Bitcoin Cash.txt"
"Bitcoin Dark","01/08/2014","Bitcoin Dark.txt"
"Bitcoin Gold","08/11/2017","Bitcoin Gold.txt"
"Bitcoin Green","28/12/2017","Bitcoin Green.txt"
"Bitcoin Private","01/02/2018","Bitcoin Private.txt"
"Bitcoin Red","01/11/2017","Bitcoin Red.txt"
"Bitcoin Rhodium","01/02/2019","Bitcoin Rhodium.txt"
"Bitcoin Token","22/11/2019","Bitcoin Token.txt"
"Bitcoin Turbo Koin","31/03/2018","Bitcoin Turbo Koin.txt"
"Bitcoin W Spectrum","30/06/2018","Bitcoin W Spectrum.txt"
"BitcoinHD","31/08/2018","BitcoinHD.txt"
"BitcoiNote","09/11/2018","BitcoiNote.txt"
"BitcoinSV","10/11/2018","BitcoinSV.txt"
"Bitdeal","12/10/2017","Bitdeal.txt"
"BitDegree","09/10/2017","BitDegree.txt"
"Bitforex","10/07/2018","Bitforex.txt"
"bitJob","12/09/2017","bitJob.txt"
"Bitmax Token","10/06/2019","Bitmax Token.txt"
"bitnautic","09/04/2018","bitnautic.txt"
"BitNewChain","18/03/2018","BitNewChain.txt"
"bitqy","12/12/2017","bitqy.txt"
"BitRent","07/12/2017","BitRent.txt"
"BitRewards","30/01/2017","BitRewards.txt"
"BitScreener","18/05/2018","BitScreener.txt"
"Bitsdaq","01/02/2019","Bitsdaq.txt"
"BitShares","13/10/2015","BitShares.txt"
"Bitspark","01/07/2018","Bitspark.txt"
"BitStash","08/02/2019","BitStash.txt"
"Bittorrent","08/05/2019","Bittorrent.txt"
"Bittwatt","16/01/2018","Bittwatt.txt"
"BitUP","17/09/2018","BitUP.txt"
"BitWhite","02/02/2018","BitWhite.txt"
"Bizkey","10/10/2018","Bizkey.txt"
"BlackCoin","03/03/2014","BlackCoin.txt"
"Blackmoon","27/02/2018","Blackmoon.txt"
"Block Chain","01/10/2018","Block Chain.txt"
"Block Logic","01/06/2018","Block Logic.txt"
"BlockBurn","04/07/2019","BlockBurn.txt"
"BlockCAT","05/01/2018","BlockCAT.txt"
"Blockcloud","01/01/2017","Blockcloud.txt"
"Blockium","01/06/2018","Blockium.txt"
"Blocklancer","18/06/2018","Blocklancer.txt"
"BlockMason Credit","13/12/2017","BlockMason Credit.txt"
"Blockmason Link","01/11/2018","Blockmason Link.txt"
"BlockMesh","31/10/2017","BlockMesh.txt"
"Blocknet","15/03/2018","Blocknet.txt"
"Blockpass","31/05/2018","Blockpass.txt"
"Blockport","01/03/2018","Blockport.txt"
"Blockstack","01/05/2019","Blockstack.txt"
"BlockStamp","30/01/2019","BlockStamp.txt"
"Blocktix","20/09/2017","Blocktix.txt"
"Blocktrade","01/09/2017","Blocktrade.txt"
"Bloom","27/01/2018","Bloom.txt"
"BLUE","12/04/2018","BLUE.txt"
"Blue Whale","05/02/2018","Blue Whale.txt"
"Bluzelle","11/12/2017","Bluzelle.txt"
"BnkToTheFuture","01/11/2017","BnkToTheFuture.txt"
"BoatPilot","09/01/2018","BoatPilot.txt"
"Bodhi","01/12/2017","Bodhi.txt"
"BonusCloud","11/01/2019","BonusCloud.txt"
"BookingTokenUnit","22/03/2018","BookingTokenUnit.txt"
"Boolberry","01/08/2014","Boolberry.txt"
"BORA","30/05/2018","BORA.txt"
"BOSAGORA","16/01/2020","BOSAGORA.txt"
"BOScoin","01/11/2016","BOScoin.txt"
"Bottos","01/04/2018","Bottos.txt"
"botXcoin","10/11/2018","botXcoin.txt"
"Bounty0x","08/06/2018","Bounty0x.txt"
"Boutspro","29/10/2018","Boutspro.txt"
"BQT","01/07/2017","BQT.txt"
"BrahmaOS","14/03/2018","BrahmaOS.txt"
"BrazilCoin","10/11/2018","BrazilCoin.txt"
"Bread","24/10/2017","Bread.txt"
"Bridge","10/08/2018","Bridge.txt"
"BTCMoon","01/10/2017","BTCMoon.txt"
"Budbo","27/02/2018","Budbo.txt"
"Bulleon","16/10/2018","Bulleon.txt"
"Bulwark","01/10/2018","Bulwark.txt"
"BunnyToken","13/03/2018","BunnyToken.txt"
"Burst Coin","27/12/2017","Burst Coin.txt"
"BuzzCoin","14/07/2019","BuzzCoin.txt"
"Byteball","25/12/2016","Byteball.txt"
"Bytecoin","14/07/2014","Bytecoin.txt"
"Bytom","29/09/2017","Bytom.txt"
"Cajutel","01/08/2017","Cajutel.txt"
"Callisto Network","10/06/2018","Callisto Network.txt"
"CampusCoin","31/03/2018","CampusCoin.txt"
"Canlead","23/09/2019","Canlead.txt"
"CannaCoin","28/03/2014","CannaCoin.txt"
"Capdax","01/02/2018","Capdax.txt"
"CARAT","01/07/2018","CARAT.txt"
"Cardano","01/09/2016","Cardano.txt"
"CARDbuyers","14/08/2018","CARDbuyers.txt"
"CardStack","04/07/2018","CardStack.txt"
"Carry","08/05/2018","Carry.txt"
"carVertical","01/11/2017","carVertical.txt"
"cashaa","01/01/2018","cashaa.txt"
"CasinoCoin","01/06/2019","CasinoCoin.txt"
"Caspian","01/05/2018","Caspian.txt"
"Castle","01/07/2018","Castle.txt"
"Cazcoin","01/07/2018","Cazcoin.txt"
"Ccore","09/12/2017","Ccore.txt"
"CEDEX","18/03/2018","CEDEX.txt"
"CEEK VR","16/04/2018","CEEK VR.txt"
"Celer Network","15/06/2018","Celer Network.txt"
"Celsius","01/02/2018","Celsius.txt"
"Centrality","09/01/2018","Centrality.txt"
"CFun","15/02/2018","CFun.txt"
"ChainLink","04/09/2017","ChainLink.txt"
"ChainX","26/07/2019","ChainX.txt"
"ChatCoin","01/03/2018","ChatCoin.txt"
"CHEX","13/10/2017","CHEX.txt"
"Chiliz","01/02/2019","Chiliz.txt"
"Chromapolis","22/08/2018","Chromapolis.txt"
"Chronobank","01/12/2016","Chronobank.txt"
"Chronologic","11/10/2018","Chronologic.txt"
"Cindicator","04/10/2017","Cindicator.txt"
"ClearPoll","01/10/2017","ClearPoll.txt"
"Clipper Coin","25/04/2018","Clipper Coin.txt"
"CloakCoin","01/02/2018","CloakCoin.txt"
"Cloud","25/08/2018","Cloud.txt"
"Cloudbric","28/10/2018","Cloudbric.txt"
"CMITCOIN","03/08/2018","CMITCOIN.txt"
"CNNS","01/03/2019","CNNS.txt"
"Cobinhood","13/09/2017","Cobinhood.txt"
"Cocos BCX","03/08/2019","Cocos BCX.txt"
"Coimatic","01/03/2018","Coimatic.txt"
"Coinchase","30/12/2018","Coinchase.txt"
"Coinlancer","14/10/2017","Coinlancer.txt"
"CoinMeet","01/12/2017","CoinMeet.txt"
"CoinMetro","21/02/2018","CoinMetro.txt"
"CoinUs","01/05/2018","CoinUs.txt"
"ColossusXT","03/05/2018","ColossusXT.txt"
"Colu Local Network","01/01/2018","Colu Local Network.txt"
"CommerceBlock","28/11/2017","CommerceBlock.txt"
"Compound Coin","30/09/2017","Compound Coin.txt"
"CompoundEthereum","04/03/2020","CompoundEthereum.txt"
"Concierge Coin","14/03/2018","Concierge Coin.txt"
"Condominium","01/06/2018","Condominium.txt"
"Connect Coin","05/10/2018","Connect Coin.txt"
"Consentium","10/09/2018","Consentium.txt"
"Constant","01/01/2019","Constant.txt"
"Constellation","25/11/2017","Constellation.txt"
"Content and Ad Network","09/10/2017","Content and Ad Network.txt"
"ContentBox","31/03/2018","ContentBox.txt"
"Contentos","25/05/2019","Contentos.txt"
"Cortex","01/02/2018","Cortex.txt"
"Cosmo Chain","23/03/2018","Cosmo Chain.txt"
"Cosmos","14/02/2019","Cosmos.txt"
"COSS","01/03/2018","COSS.txt"
"COTI","02/10/2018","COTI.txt"
"CottonCoin","01/04/2018","CottonCoin.txt"
"Couchain","01/03/2018","Couchain.txt"
"Covesting","24/11/2017","Covesting.txt"
"CPChain","10/01/2018","CPChain.txt"
"Credit","23/02/2019","Credit.txt"
"Credits","26/11/2017","Credits.txt"
"Crowdvilla","10/08/2018","Crowdvilla.txt"
"Cruisebit","10/05/2018","Cruisebit.txt"
"Crycash","14/12/2017","Crycash.txt"
"Cryptaur","27/11/2017","Cryptaur.txt"
"Crypterium","31/10/2017","Crypterium.txt"
"Crypto.com","17/09/2019","Crypto.com.txt"
"CRYPTO20","15/10/2017","CRYPTO20.txt"
"CryptoCarbon","01/02/2018","CryptoCarbon.txt"
"Cryptocean","25/09/2018","Cryptocean.txt"
"CryptoFlow","24/08/2018","CryptoFlow.txt"
"CryptoFranc","15/06/2019","CryptoFranc.txt"
"CryptoNote Coin","17/10/2013","CryptoNote Coin.txt"
"cryptopay","25/12/2017","cryptopay.txt"
"CryptoPing","01/01/2018","CryptoPing.txt"
"CrypViser","20/05/2017","CrypViser.txt"
"Currency Analytics","10/11/2018","Currency Analytics.txt"
"Curriculum Vitae","12/05/2019","Curriculum Vitae.txt"
"Custody Token","01/05/2019","Custody Token.txt"
"Cutcoin","15/07/2019","Cutcoin.txt"
"Cybermiles","19/11/2017","Cybermiles.txt"
"CyberVein","06/05/2018","CyberVein.txt"
"CYBR Token","26/04/2019","CYBR Token.txt"
"CYCLEAN","22/07/2018","CYCLEAN.txt"
"DACC","12/06/2018","DACC.txt"
"DACH Coin","20/09/2018","DACH Coin.txt"
"DAEX","01/05/2018","DAEX.txt"
"Dai","01/12/2017","Dai.txt"
"Daneel","28/01/2018","Daneel.txt"
"DAOstack","22/04/2018","DAOstack.txt"
"Dapp Token","10/05/2019","Dapp Token.txt"
"Darcrus","20/11/2016","Darcrus.txt"
"DasCoin","16/09/2017","DasCoin.txt"
"Dash","14/02/2014","Dash.txt"
"DashCash","18/10/2018","DashCash.txt"
"DashDiamond","02/10/2019","DashDiamond.txt"
"DaTa eXchange","20/07/2018","DaTa eXchange.txt"
"Databits","22/11/2017","Databits.txt"
"Datarius","12/09/2017","Datarius.txt"
"Datawallet","11/02/2018","Datawallet.txt"
"Datum","29/10/2017","Datum.txt"
"DAV Coin","01/06/2017","DAV Coin.txt"
"Davinci Coin","16/08/2018","Davinci Coin.txt"
"DCTO","01/03/2019","DCTO.txt"
"DDKoin","01/09/2018","DDKoin.txt"
"DECENT","01/11/2015","DECENT.txt"
"DecentBet","22/09/2017","DecentBet.txt"
"Decentraland","15/08/2017","Decentraland.txt"
"Decentralized Machine Learning","31/12/2017","Decentralized Machine Learning.txt"
"Decentralized Vulnerability Platform","01/11/2019","Decentralized Vulnerability Platform.txt"
"Decred","05/02/2016","Decred.txt"
"DeepBrain Chain","31/12/2017","DeepBrain Chain.txt"
"DeepCloudAI","01/07/2019","DeepCloudAI.txt"
"DeepOnion","01/01/2018","DeepOnion.txt"
"Delizia","01/10/2018","Delizia.txt"
"Delphy","27/11/2017","Delphy.txt"
"Denarius","15/07/2017","Denarius.txt"
"DENT ICO","10/07/2017","DENT ICO.txt"
"Dentacoin","28/11/2018","Dentacoin.txt"
"Dero","02/10/2018","Dero.txt"
"DeusCoin","01/09/2017","DeusCoin.txt"
"Devery","18/11/2017","Devery.txt"
"Devify","01/06/2018","Devify.txt"
"Diamond","26/04/2018","Diamond.txt"
"Diamond Network","01/03/2019","Diamond Network.txt"
"DigiByte","06/02/2014","DigiByte.txt"
"DigiPulse","24/11/2017","DigiPulse.txt"
"Digital Fantasy Sports","19/09/2018","Digital Fantasy Sports.txt"
"Digitalbits","14/06/2019","Digitalbits.txt"
"DigitalDevelopersFund","01/08/2017","DigitalDevelopersFund.txt"
"DigitalNote","24/06/2014","DigitalNote.txt"
"DigitalPrice","04/10/2014","DigitalPrice.txt"
"Digitex Futures","05/12/2017","Digitex Futures.txt"
"Digiwage","01/07/2018","Digiwage.txt"
"DIMCOIN","29/06/2018","DIMCOIN.txt"
"Dimecoin","30/04/2018","Dimecoin.txt"
"Dimension Chain","01/03/2018","Dimension Chain.txt"
"Dinero","01/05/2018","Dinero.txt"
"Diruna","14/03/2018","Diruna.txt"
"Distributed Credit Chain","01/10/2017","Distributed Credit Chain.txt"
"district0x","17/09/2017","district0x.txt"
"Divi","27/10/2017","Divi.txt"
"DMarket","25/10/2017","DMarket.txt"
"Docademic","06/03/2018","Docademic.txt"
"Dock","12/03/2018","Dock.txt"
"DogeCash","01/10/2018","DogeCash.txt"
"DogeCoin","15/12/2013","DogeCoin.txt"
"DomRaider","05/09/2017","DomRaider.txt"
"DOS Network","01/02/2019","DOS Network.txt"
"DOWCOIN","10/11/2017","DOWCOIN.txt"
"DraftCoin","27/02/2018","DraftCoin.txt"
"Dragon Coins","01/12/2017","Dragon Coins.txt"
"Dragonchain","01/10/2017","Dragonchain.txt"
"DreamTeam","19/04/2018","DreamTeam.txt"
"DREP","01/03/2019","DREP.txt"
"Dropil","07/02/2018","Dropil.txt"
"DUO Network","27/04/2019","DUO Network.txt"
"Dusk Network","01/04/2018","Dusk Network.txt"
"DxChain","20/06/2018","DxChain.txt"
"EBCoin","26/01/2018","EBCoin.txt"
"eBoost","14/09/2016","eBoost.txt"
"ECC","01/10/2017","ECC.txt"
"Ecoreal Estate","16/10/2018","Ecoreal Estate.txt"
"EDC Blockchain","26/08/2016","EDC Blockchain.txt"
"EdenChain","25/05/2018","EdenChain.txt"
"Edgeless","01/12/2017","Edgeless.txt"
"Effect.ai","04/06/2018","Effect.ai.txt"
"Egretia","26/05/2018","Egretia.txt"
"Einsteinium","14/03/2019","Einsteinium.txt"
"EJOY","14/06/2018","EJOY.txt"
"Elastic","24/05/2018","Elastic.txt"
"Elastos","01/01/2018","Elastos.txt"
"Electra","31/01/2018","Electra.txt"
"Electrify.Asia","01/02/2018","Electrify.Asia.txt"
"Electroneum","01/03/2017","Electroneum.txt"
"Electronic Energy Coin","07/05/2019","Electronic Energy Coin.txt"
"Eligma","17/04/2018","Eligma.txt"
"Elitium","28/02/2019","Elitium.txt"
"Elixir","30/10/2017","Elixir.txt"
"Elrond","19/06/2019","Elrond.txt"
"ELTCOIN","17/03/2018","ELTCOIN.txt"
"Emanate","12/11/2018","Emanate.txt"
"Emercoin","23/08/2014","Emercoin.txt"
"EncryptoTel","21/12/2017","EncryptoTel.txt"
"Endor Protocol","18/02/2018","Endor Protocol.txt"
"Enecuum","01/12/2018","Enecuum.txt"
"ENERGI","01/08/2019","ENERGI.txt"
"Energo","01/10/2016","Energo.txt"
"Engine","01/05/2018","Engine.txt"
"Enigma","01/06/2015","Enigma.txt"
"Enjin Coin","26/09/2017","Enjin Coin.txt"
"ENTCash","28/11/2017","ENTCash.txt"
"EnterCoin","11/10/2017","EnterCoin.txt"
"Envion","14/12/2017","Envion.txt"
"EOS.IO","09/07/2017","EOS.IO.txt"
"EPLUS Coin","01/11/2017","EPLUS Coin.txt"
"EQUI","14/08/2017","EQUI.txt"
"Eristica","08/09/2017","Eristica.txt"
"Eroscoin","15/11/2017","Eroscoin.txt"
"Eryllium","13/12/2016","Eryllium.txt"
"ESBC","01/02/2019","ESBC.txt"
"EscrowCoin","20/11/2017","EscrowCoin.txt"
"Espers","20/02/2018","Espers.txt"
"Esports Token","10/08/2018","Esports Token.txt"
"Essentia","16/01/2018","Essentia.txt"
"Eterbase","10/10/2018","Eterbase.txt"
"ETERNAL TOKEN","04/06/2018","ETERNAL TOKEN.txt"
"EthBet","17/09/2017","EthBet.txt"
"Ethbits","01/03/2017","Ethbits.txt"
"Ether Kingdom","28/03/2019","Ether Kingdom.txt"
"Ether Social Network","26/12/2017","Ether Social Network.txt"
"Ether Zero","01/01/2018","Ether Zero.txt"
"Ethereum","01/11/2013","Ethereum.txt"
"ethereum classic","01/03/2017","ethereum classic.txt"
"Ethereum Gold Project","01/11/2018","Ethereum Gold Project.txt"
"EthereumX","01/11/2018","EthereumX.txt"
"Etherinc","01/03/2019","Etherinc.txt"
"Etherlegends","15/02/2018","Etherlegends.txt"
"Etheroll","01/02/2017","Etheroll.txt"
"Etherparty","15/09/2017","Etherparty.txt"
"Ethorse","01/11/2017","Ethorse.txt"
"Ethos","15/11/2017","Ethos.txt"
"EUNO Coin","01/09/2018","EUNO Coin.txt"
"Eva Cash","01/11/2018","Eva Cash.txt"
"evedo","16/04/2019","evedo.txt"
"Everex","23/07/2017","Everex.txt"
"EveriToken","26/03/2019","EveriToken.txt"
"Everus","01/10/2017","Everus.txt"
"EveryCoin","05/02/2018","EveryCoin.txt"
"Eximchain","13/03/2018","Eximchain.txt"
"EXMR FDN","01/10/2017","EXMR FDN.txt"
"Expanse","20/05/2017","Expanse.txt"
"Experience points","25/12/2017","Experience points.txt"
"Experty","29/09/2017","Experty.txt"
"Ezoow","01/08/2018","Ezoow.txt"
"Fabric Token","01/04/2019","Fabric Token.txt"
"Fabrk","01/10/2019","Fabrk.txt"
"Facebook Libra","01/06/2019","Facebook Libra.txt"
"Factom","25/04/2018","Factom.txt"
"FairCoin","01/06/2016","FairCoin.txt"
"FansTime","01/03/2018","FansTime.txt"
"Fantom","04/10/2018","Fantom.txt"
"Farad","07/07/2017","Farad.txt"
"Fast Access Blockchain","10/10/2017","Fast Access Blockchain.txt"
"Fetch","01/02/2019","Fetch.txt"
"FidentiaX","05/11/2017","FidentiaX.txt"
"Filecoin","19/07/2017","Filecoin.txt"
"fintrux","06/02/2018","fintrux.txt"
"Fire Lotto","01/01/2018","Fire Lotto.txt"
"Fitrova","26/03/2018","Fitrova.txt"
"Flash","15/07/2017","Flash.txt"
"Fleta","01/02/2019","Fleta.txt"
"Flexacoin","01/05/2019","Flexacoin.txt"
"FLIP","01/11/2017","FLIP.txt"
"Flixxo","12/11/2018","Flixxo.txt"
"Flowchain","03/03/2019","Flowchain.txt"
"FOAM","01/05/2018","FOAM.txt"
"FOINS","14/05/2018","FOINS.txt"
"Folding Coin","16/09/2014","Folding Coin.txt"
"FolmCoin","01/03/2018","FolmCoin.txt"
"FoodCoin","01/12/2017","FoodCoin.txt"
"FootballCoin","06/12/2018","FootballCoin.txt"
"Formosa Financial","01/05/2018","Formosa Financial.txt"
"Fortuna","01/02/2018","Fortuna.txt"
"FREE Coin","24/11/2018","FREE Coin.txt"
"Freicoin","24/08/2013","Freicoin.txt"
"Friendz","01/03/2018","Friendz.txt"
"fscp","28/06/2018","fscp.txt"
"FTX Token","30/07/2019","FTX Token.txt"
"FuckToken","13/07/2017","FuckToken.txt"
"Function X","27/12/2018","Function X.txt"
"FundYourselfNow","01/06/2017","FundYourselfNow.txt"
"FunFair","01/09/2018","FunFair.txt"
"FUSION","01/12/2017","FUSION.txt"
"Future1coin","30/06/2018","Future1coin.txt"
"FuzeX","20/01/2018","FuzeX.txt"
"Gainer","13/01/2018","Gainer.txt"
"Galactrum","01/03/2018","Galactrum.txt"
"Galaxy eSolutions","01/12/2017","Galaxy eSolutions.txt"
"GAMB","13/01/2018","GAMB.txt"
"GameCredits","01/07/2017","GameCredits.txt"
"GanjaCoin","30/01/2018","GanjaCoin.txt"
"Gaps Chain","06/04/2019","Gaps Chain.txt"
"Gatcoin","28/09/2018","Gatcoin.txt"
"GateChain","01/04/2019","GateChain.txt"
"GazeCoi","01/10/2017","GazeCoi.txt"
"Gemini Dollar","10/09/2018","Gemini Dollar.txt"
"Gems","07/11/2017","Gems.txt"
"Genaro Network","16/12/2017","Genaro Network.txt"
"Gene Source Code Chain","01/12/2018","Gene Source Code Chain.txt"
"Genesis vision","05/10/2017","Genesis vision.txt"
"GET Protocol","05/08/2017","GET Protocol.txt"
"Gexan","01/04/2019","Gexan.txt"
"Giant","20/09/2018","Giant.txt"
"Gibraltar","08/01/2018","Gibraltar.txt"
"Gifto","01/11/2017","Gifto.txt"
"GINcoin","01/02/2018","GINcoin.txt"
"GlassCoin","01/09/2017","GlassCoin.txt"
"GlitzKoin","01/11/2017","GlitzKoin.txt"
"Global Jobcoin","02/02/2018","Global Jobcoin.txt"
"Global Social Chain","01/01/2018","Global Social Chain.txt"
"Globalvillage Ecosystem","01/12/2017","Globalvillage Ecosystem.txt"
"Gnosis","22/12/2017","Gnosis.txt"
"GNY","17/05/2019","GNY.txt"
"GoByte","25/09/2018","GoByte.txt"
"GoChain","01/12/2017","GoChain.txt"
"Gold Bits Coin","09/05/2019","Gold Bits Coin.txt"
"Gold Poker","01/02/2019","Gold Poker.txt"
"GoldenFever","05/03/2019","GoldenFever.txt"
"Golem","01/11/2016","Golem.txt"
"GOmics","01/08/2018","GOmics.txt"
"Gosama Final","01/09/2018","Gosama Final.txt"
"GoWithMi","01/08/2019","GoWithMi.txt"
"gratzio wp","04/09/2018","gratzio wp.txt"
"Graviocoin","01/07/2017","Graviocoin.txt"
"GreenPower","14/06/2019","GreenPower.txt"
"GridCoin","16/10/2013","GridCoin.txt"
"Groestlcoin","09/03/2012","Groestlcoin.txt"
"GSENetwork","01/08/2018","GSENetwork.txt"
"Gulden","24/04/2015","Gulden.txt"
"GXChain","10/10/2018","GXChain.txt"
"Hacken","01/02/2018","Hacken.txt"
"Hade Platform","25/09/2017","Hade Platform.txt"
"HalalChain","01/11/2017","HalalChain.txt"
"Halo Platform","01/05/2018","Halo Platform.txt"
"Harmony","23/05/2018","Harmony.txt"
"Harvest Masternode Coin","17/01/2018","Harvest Masternode Coin.txt"
"HashCoin","01/08/2018","HashCoin.txt"
"Hashgard","01/05/2018","Hashgard.txt"
"Haven Protocol","24/04/2018","Haven Protocol.txt"
"Havven","11/06/2018","Havven.txt"
"HEAT","02/08/2016","HEAT.txt"
"Hedera pdf","02/08/2019","Hedera pdf.txt"
"Hedgetoken","01/09/2017","Hedgetoken.txt"
"HedgeTrade","01/08/2019","HedgeTrade.txt"
"Hellenic Node","26/07/2018","Hellenic Node.txt"
"HelloGold","27/08/2017","HelloGold.txt"
"Hempcoin","28/06/2014","Hempcoin.txt"
"Herbalist Token","06/11/2018","Herbalist Token.txt"
"Hero","16/11/2017","Hero.txt"
"HEROcoin","03/01/2018","HEROcoin.txt"
"High Performance Blockchain","01/09/2018","High Performance Blockchain.txt"
"HireMatch","01/10/2017","HireMatch.txt"
"HitChain","27/07/2018","HitChain.txt"
"Hive","22/03/2020","Hive.txt"
"HNB","24/05/2019","HNB.txt"
"Holo","15/02/2018","Holo.txt"
"HomeBlockCoin","04/11/2017","HomeBlockCoin.txt"
"Honest","09/10/2018","Honest.txt"
"Horizen","01/01/2020","Horizen.txt"
"Horizon State","01/02/2017","Horizon State.txt"
"HorusPay","01/06/2018","HorusPay.txt"
"Hot","01/08/2015","Hot.txt"
"HTMLCoin","01/10/2017","HTMLCoin.txt"
"Hubii Network","10/09/2017","Hubii Network.txt"
"huddl","19/06/2019","huddl.txt"
"Humaniq","01/11/2016","Humaniq.txt"
"Humanscape","01/02/2018","Humanscape.txt"
"HunterCoin","01/11/2017","HunterCoin.txt"
"Hybrid Block","20/07/2018","Hybrid Block.txt"
"HYCON","11/08/2018","HYCON.txt"
"Hydro Protocol","01/01/2018","Hydro Protocol.txt"
"Hydrogen","01/01/2018","Hydrogen.txt"
"Hyper Speed Network","01/04/2019","Hyper Speed Network.txt"
"HyperCash","30/06/2017","HyperCash.txt"
"hyperion","20/07/2018","hyperion.txt"
"HyperLoot","28/08/2018","HyperLoot.txt"
"Hyperspace","06/12/2018","Hyperspace.txt"
"Hypnoxys","11/02/2019","Hypnoxys.txt"
"ICON","15/08/2017","ICON.txt"
"Idealcoin","28/04/2018","Idealcoin.txt"
"Idex","23/01/2019","Idex.txt"
"iExec","03/09/2016","iExec.txt"
"Ifoods Chain","01/11/2017","Ifoods Chain.txt"
"Ignis","01/11/2017","Ignis.txt"
"IGNITE","01/02/2018","IGNITE.txt"
"Ignition","15/01/2018","Ignition.txt"
"IHT Real Estate Protocol","01/05/2017","IHT Real Estate Protocol.txt"
"ILCoin","01/03/2019","ILCoin.txt"
"Imbrex","21/07/2016","Imbrex.txt"
"Impleum","20/11/2018","Impleum.txt"
"Indorse","08/08/2017","Indorse.txt"
"Infinitus","01/07/2018","Infinitus.txt"
"Ink","29/03/2018","Ink.txt"
"Ink Protocol","01/02/2018","Ink Protocol.txt"
"INMAX","20/11/2018","INMAX.txt"
"InnovaMinex","07/05/2019","InnovaMinex.txt"
"Innovative Bioresearch Classic","16/04/2018","Innovative Bioresearch Classic.txt"
"INO COIN","01/05/2018","INO COIN.txt"
"INS Ecosystem","02/12/2017","INS Ecosystem.txt"
"Insight Chain","01/04/2018","Insight Chain.txt"
"InsurChain","01/09/2017","InsurChain.txt"
"Intelligent Trading Foundation","17/08/2017","Intelligent Trading Foundation.txt"
"IntelliShare","12/01/2018","IntelliShare.txt"
"IntenseCoin","31/10/2017","IntenseCoin.txt"
"InterCrone","31/01/2018","InterCrone.txt"
"Internet Node Token","01/04/2018","Internet Node Token.txt"
"InterValue","01/03/2018","InterValue.txt"
"IONChain","01/02/2018","IONChain.txt"
"IOSToken","31/12/2017","IOSToken.txt"
"IoT Chain","01/12/2018","IoT Chain.txt"
"IOTA","30/04/2018","IOTA.txt"
"iotex","12/07/2018","iotex.txt"
"IOTW","22/05/2019","IOTW.txt"
"IOU","01/09/2018","IOU.txt"
"IP Exchange","01/11/2017","IP Exchange.txt"
"IQ.cash","01/08/2018","IQ.cash.txt"
"IQeon","01/02/2018","IQeon.txt"
"Iungo","31/01/2018","Iungo.txt"
"Ivy","01/07/2018","Ivy.txt"
"IXT","01/11/2017","IXT.txt"
"IZIChain","01/07/2018","IZIChain.txt"
"Japan Content Token","01/03/2018","Japan Content Token.txt"
"Jarvis","07/05/2019","Jarvis.txt"
"Jesus Coin","13/11/2018","Jesus Coin.txt"
"Jewel","01/12/2017","Jewel.txt"
"Jibrel Network","01/05/2017","Jibrel Network.txt"
"Joint Ventures","01/04/2018","Joint Ventures.txt"
"Kambria","15/06/2018","Kambria.txt"
"KanadeCoin","07/04/2018","KanadeCoin.txt"
"Karatgold Coin","15/02/2018","Karatgold Coin.txt"
"Karma","01/10/2018","Karma.txt"
"Kcash","01/12/2017","Kcash.txt"
"KICKECOSYSTEM","01/12/2018","KICKECOSYSTEM.txt"
"Kin","01/05/2017","Kin.txt"
"Kleros","01/09/2019","Kleros.txt"
"Knoxstertoken","07/08/2019","Knoxstertoken.txt"
"Kolion","01/04/2017","Kolion.txt"
"komodo","01/10/2018","komodo.txt"
"Kryll","07/02/2018","Kryll.txt"
"Krypton Galaxy Coin","01/05/2018","Krypton Galaxy Coin.txt"
"Kubera Coin","01/09/2017","Kubera Coin.txt"
"KuCoin Shares","01/08/2017","KuCoin Shares.txt"
"Kuende","01/09/2018","Kuende.txt"
"Kyber","22/04/2019","Kyber.txt"
"Ladder Network","01/09/2018","Ladder Network.txt"
"Lambda","02/01/2019","Lambda.txt"
"LatiumX","13/03/2018","LatiumX.txt"
"legolas","01/11/2018","legolas.txt"
"LemoChain","01/06/2018","LemoChain.txt"
"Leo Token","05/08/2019","Leo Token.txt"
"LEOcoin","01/07/2016","LEOcoin.txt"
"Level Up Coin","18/01/2017","Level Up Coin.txt"
"Leverj","22/11/2017","Leverj.txt"
"LeviarCoin","01/03/2018","LeviarCoin.txt"
"Levolution","01/12/2018","Levolution.txt"
"LGO Exchange","01/07/2017","LGO Exchange.txt"
"LHT usdx","01/01/2018","LHT usdx.txt"
"Libra Credit","01/05/2018","Libra Credit.txt"
"LIFE","19/10/2017","LIFE.txt"
"Lightpaycoin","01/10/2018","Lightpaycoin.txt"
"LikeCoin","02/04/2018","LikeCoin.txt"
"LINA","10/01/2019","LINA.txt"
"Linda","28/03/2018","Linda.txt"
"Linfinity","01/07/2018","Linfinity.txt"
"Linkey","01/02/2018","Linkey.txt"
"LinkEye","01/02/2018","LinkEye.txt"
"LiquidApps","01/02/2019","LiquidApps.txt"
"Liquidity Network","01/09/2017","Liquidity Network.txt"
"Lisk","01/02/2016","Lisk.txt"
"Lisk Machine Learning","15/12/2018","Lisk Machine Learning.txt"
"Litecoin","29/04/2013","Litecoin.txt"
"Litecoin Cash","02/03/2018","Litecoin Cash.txt"
"LiteDoge","19/03/2015","LiteDoge.txt"
"Litex","15/06/2018","Litex.txt"
"Lition","11/03/2019","Lition.txt"
"Live Stars","01/11/2017","Live Stars.txt"
"Livenodes","01/03/2019","Livenodes.txt"
"LocalCoinSwap","01/02/2018","LocalCoinSwap.txt"
"LOCIcoin","02/06/2018","LOCIcoin.txt"
"LockTrip","18/12/2017","LockTrip.txt"
"Locus Chain","26/07/2018","Locus Chain.txt"
"Loki","13/07/2018","Loki.txt"
"Loopring","06/04/2018","Loopring.txt"
"LoyalCoin","01/10/2017","LoyalCoin.txt"
"LTO Network","18/01/2019","LTO Network.txt"
"Lucky Seven","01/11/2019","Lucky Seven.txt"
"Luna Stars","27/10/2017","Luna Stars.txt"
"Lunes","31/01/2018","Lunes.txt"
"Lunyr","01/07/2017","Lunyr.txt"
"LUXCoin","30/10/2017","LUXCoin.txt"
"Lykke","31/05/2016","Lykke.txt"
"Lympo","01/01/2018","Lympo.txt"
"Maecenas","28/10/2017","Maecenas.txt"
"Maggie","01/10/2017","Maggie.txt"
"Magic Cube","24/03/2019","Magic Cube.txt"
"Magnet","10/11/2017","Magnet.txt"
"MaidSafeCoin","01/01/2015","MaidSafeCoin.txt"
"Maincoin","29/10/2018","Maincoin.txt"
"Mainframe","19/12/2017","Mainframe.txt"
"Marginless","11/04/2018","Marginless.txt"
"MARK.SPACE","25/04/2018","MARK.SPACE.txt"
"MassGrid","01/09/2017","MassGrid.txt"
"Matchpool","17/01/2017","Matchpool.txt"
"Matic Network","27/04/2019","Matic Network.txt"
"Matrix AI Network","11/02/2018","Matrix AI Network.txt"
"Maya Preferred","07/04/2019","Maya Preferred.txt"
"MB8","02/08/2019","MB8.txt"
"mcashchain","06/06/2019","mcashchain.txt"
"MCPC","01/12/2018","MCPC.txt"
"Measurable Data Token","01/07/2018","Measurable Data Token.txt"
"Medibit","06/11/2018","Medibit.txt"
"MediBloc","01/10/2017","MediBloc.txt"
"Medicalchain","10/02/2018","Medicalchain.txt"
"MedicCoin","28/03/2018","MedicCoin.txt"
"MediShares","20/12/2017","MediShares.txt"
"MEET.ONE","01/02/2018","MEET.ONE.txt"
"Melon","22/02/2017","Melon.txt"
"membrana","01/02/2017","membrana.txt"
"MenaPay","22/06/2019","MenaPay.txt"
"Merculet","31/03/2018","Merculet.txt"
"Mercury Protocol","23/08/2017","Mercury Protocol.txt"
"MergeCoin","04/04/2018","MergeCoin.txt"
"Mero","01/08/2018","Mero.txt"
"MESG","01/11/2018","MESG.txt"
"messe","03/10/2018","messe.txt"
"MetaHash","26/08/2019","MetaHash.txt"
"metal Pay","01/01/2017","metal Pay.txt"
"Metaverse ETP","01/05/2018","Metaverse ETP.txt"
"Metronome","13/06/2018","Metronome.txt"
"MEXC Token","01/02/2018","MEXC Token.txt"
"MFCoin","14/08/2018","MFCoin.txt"
"MGC","05/04/2018","MGC.txt"
"MicroBitcoin","11/07/2018","MicroBitcoin.txt"
"Micromines","01/01/2019","Micromines.txt"
"Mindexcoin","07/09/2018","Mindexcoin.txt"
"MINDOL","16/10/2018","MINDOL.txt"
"MineBee","16/05/2019","MineBee.txt"
"MinexCoin","01/12/2016","MinexCoin.txt"
"MIR COIN","01/02/2019","MIR COIN.txt"
"Mirai","01/11/2018","Mirai.txt"
"Mithril","01/02/2018","Mithril.txt"
"Mithril Ore","20/11/2017","Mithril Ore.txt"
"Mixin","01/07/2018","Mixin.txt"
"MixMarvel","10/05/2019","MixMarvel.txt"
"MMOCoin","30/05/2018","MMOCoin.txt"
"MOAC","17/04/2018","MOAC.txt"
"MobileGo","23/04/2017","MobileGo.txt"
"MobilinkToken","15/08/2018","MobilinkToken.txt"
"Mobius","23/11/2017","Mobius.txt"
"Modultrade","27/11/2017","Modultrade.txt"
"Modum","22/10/2017","Modum.txt"
"Molecular Future","06/11/2018","Molecular Future.txt"
"Monaco","11/10/2018","Monaco.txt"
"Monero","21/05/2014","Monero.txt"
"Monero Classic","24/04/2018","Monero Classic.txt"
"Monero Gold","10/02/2018","Monero Gold.txt"
"Monero Original","11/04/2018","Monero Original.txt"
"MoneroV","04/07/2018","MoneroV.txt"
"Monetha","01/07/2017","Monetha.txt"
"Monster Byte","05/07/2017","Monster Byte.txt"
"Mossland","28/01/2018","Mossland.txt"
"Mothership","04/07/2017","Mothership.txt"
"Motocoin","24/01/2018","Motocoin.txt"
"MovieBloc","01/02/2019","MovieBloc.txt"
"Mozo Token","21/04/2018","Mozo Token.txt"
"MTC Mesh Network","02/08/2018","MTC Mesh Network.txt"
"MultiVAC Tech","18/06/2018","MultiVAC Tech.txt"
"Muzika","22/03/2019","Muzika.txt"
"MX Token","23/05/2018","MX Token.txt"
"MyBit Token","17/07/2017","MyBit Token.txt"
"Mysterium","01/10/2017","Mysterium.txt"
"Mytoken","01/03/2018","Mytoken.txt"
"NAGA","28/03/2018","NAGA.txt"
"namecoin","29/08/2013","namecoin.txt"
"NANJCOIN","22/03/2018","NANJCOIN.txt"
"Nano","15/07/2017","Nano.txt"
"NapoleonX","21/01/2018","NapoleonX.txt"
"Nasdacoin","14/08/2018","Nasdacoin.txt"
"Nash Exchange Token","23/11/2017","Nash Exchange Token.txt"
"Natmin","01/09/2018","Natmin.txt"
"Neblio","23/07/2017","Neblio.txt"
"Nebula AI","01/01/2018","Nebula AI.txt"
"Nebulas","16/12/2017","Nebulas.txt"
"Nectar","13/02/2018","Nectar.txt"
"NEM","23/02/2018","NEM.txt"
"NEO","09/09/2016","NEO.txt"
"NeoWorld Cash","10/11/2018","NeoWorld Cash.txt"
"Neox","01/03/2019","Neox.txt"
"Nervos","01/02/2018","Nervos.txt"
"Nestree","13/08/2019","Nestree.txt"
"netbox coin","17/05/2019","netbox coin.txt"
"netkoin","21/04/2018","netkoin.txt"
"Netrum","06/05/2019","Netrum.txt"
"Neumark","01/09/2017","Neumark.txt"
"Neural Protocol","01/09/2018","Neural Protocol.txt"
"NeuroChain","23/03/2018","NeuroChain.txt"
"NEVERDIE","30/06/2017","NEVERDIE.txt"
"NewsToken","12/08/2018","NewsToken.txt"
"Newton","01/11/2018","Newton.txt"
"NewYork Exchange Coin","23/06/2019","NewYork Exchange Coin.txt"
"Nexo","17/03/2018","Nexo.txt"
"Next.Exchange","01/05/2018","Next.Exchange.txt"
"Nexty","27/05/2018","Nexty.txt"
"Nexus","04/07/2017","Nexus.txt"
"Niobium Coin","07/05/2018","Niobium Coin.txt"
"Nitro","01/11/2017","Nitro.txt"
"NIX","14/11/2018","NIX.txt"
"NKN","13/03/2018","NKN.txt"
"No BS Crypto","01/08/2018","No BS Crypto.txt"
"Noah Coin","03/04/2017","Noah Coin.txt"
"NOIA Network","24/07/2019","NOIA Network.txt"
"Noir","01/10/2018","Noir.txt"
"NOIZ","29/05/2019","NOIZ.txt"
"Noku","19/12/2017","Noku.txt"
"NoLimitCoin","15/07/2017","NoLimitCoin.txt"
"Nos","29/10/2018","Nos.txt"
"NOW Token","01/05/2019","NOW Token.txt"
"NPCoin","24/05/2018","NPCoin.txt"
"Nuls","05/12/2017","Nuls.txt"
"Numeraire","20/02/2017","Numeraire.txt"
"Nxt","12/07/2014","Nxt.txt"
"Oasis City","16/11/2018","Oasis City.txt"
"OATH protocol","07/05/2019","OATH protocol.txt"
"OAX","20/06/2017","OAX.txt"
"Obitan Chain","15/01/2018","Obitan Chain.txt"
"Observer Technical Note","11/12/2019","Observer Technical Note.txt"
"Obyte","27/12/2016","Obyte.txt"
"Ocean Protocol","15/04/2019","Ocean Protocol.txt"
"Oceanlab","07/08/2017","Oceanlab.txt"
"ODEM","01/11/2018","ODEM.txt"
"Odyssey","21/01/2018","Odyssey.txt"
"OIO","01/07/2018","OIO.txt"
"Olympus Labs","27/11/2017","Olympus Labs.txt"
"Olyseum","01/07/2019","Olyseum.txt"
"OmiseGO","17/06/2017","OmiseGO.txt"
"Omnitude","28/03/2018","Omnitude.txt"
"On.Live","01/11/2018","On.Live.txt"
"Ondori","02/10/2018","Ondori.txt"
"OneGame","20/07/2018","OneGame.txt"
"OneLedger","15/06/2018","OneLedger.txt"
"OneRoot Network","24/01/2018","OneRoot Network.txt"
"ONO","09/01/2019","ONO.txt"
"Ontology","14/03/2018","Ontology.txt"
"OOOBTC Token","27/02/2019","OOOBTC Token.txt"
"Opal","21/11/2014","Opal.txt"
"Opennity","05/06/2019","Opennity.txt"
"Opiria PDATA","11/05/2019","Opiria PDATA.txt"
"OptiToken","01/04/2018","OptiToken.txt"
"Opus","21/07/2017","Opus.txt"
"OracleChain","28/10/2017","OracleChain.txt"
"Orbs","01/05/2018","Orbs.txt"
"Orchid","18/11/2019","Orchid.txt"
"Origami","26/02/2018","Origami.txt"
"OriginTrail","05/10/2017","OriginTrail.txt"
"Origo","28/01/2019","Origo.txt"
"Ormeus Coin","25/08/2017","Ormeus Coin.txt"
"ORS Group","01/01/2018","ORS Group.txt"
"osadc en","21/07/2018","osadc en.txt"
"OST","01/06/2018","OST.txt"
"OTCBTC Token","16/12/2017","OTCBTC Token.txt"
"OWNDATA","10/08/2018","OWNDATA.txt"
"Oyster","01/09/2017","Oyster.txt"
"PACcoin","30/09/2017","PACcoin.txt"
"PalletOne","01/03/2018","PalletOne.txt"
"Parachute","30/01/2019","Parachute.txt"
"ParkGene","25/01/2017","ParkGene.txt"
"Pascal Coin","01/07/2016","Pascal Coin.txt"
"Path","01/05/2018","Path.txt"
"Pathhive","14/05/2019","Pathhive.txt"
"patientory","01/05/2017","patientory.txt"
"Patron","27/03/2018","Patron.txt"
"PAX Gold","05/09/2019","PAX Gold.txt"
"PAXEX","07/08/2018","PAXEX.txt"
"Paxos","09/09/2018","Paxos.txt"
"PAYCENT","02/02/2018","PAYCENT.txt"
"Payfair","06/12/2017","Payfair.txt"
"PayPie","13/10/2017","PayPie.txt"
"Paytomat","31/01/2019","Paytomat.txt"
"Pecunio","21/02/2018","Pecunio.txt"
"Pedity","23/03/2018","Pedity.txt"
"Peercoin","19/08/2012","Peercoin.txt"
"Peerguess","28/10/2017","Peerguess.txt"
"Peerplays","01/05/2016","Peerplays.txt"
"pEOS","15/05/2019","pEOS.txt"
"Perlin","26/05/2019","Perlin.txt"
"Pesetacoin","01/04/2018","Pesetacoin.txt"
"Petro","30/01/2018","Petro.txt"
"Phantasma","12/05/2018","Phantasma.txt"
"Phi","08/03/2018","Phi.txt"
"Phonecoin","27/09/2018","Phonecoin.txt"
"Phore","22/02/2018","Phore.txt"
"Pibble","01/07/2018","Pibble.txt"
"Piction","01/01/2019","Piction.txt"
"Pillar","08/07/2017","Pillar.txt"
"PiplCoin","01/07/2017","PiplCoin.txt"
"Pirate Chain","29/08/2018","Pirate Chain.txt"
"Pivot","18/07/2019","Pivot.txt"
"PIVX","23/03/2017","PIVX.txt"
"Pixie Coin","01/05/2018","Pixie Coin.txt"
"PKG Token","04/11/2019","PKG Token.txt"
"Plair","25/05/2018","Plair.txt"
"Planet","14/08/2019","Planet.txt"
"Platin","25/10/2018","Platin.txt"
"PLATINCOIN","01/05/2018","PLATINCOIN.txt"
"PlayChip","01/08/2018","PlayChip.txt"
"PlayerOne","01/11/2018","PlayerOne.txt"
"PlayFuel","01/01/2020","PlayFuel.txt"
"Playgroundz","15/10/2018","Playgroundz.txt"
"Playkey","30/10/2017","Playkey.txt"
"Pledgecamp","21/06/2019","Pledgecamp.txt"
"PlusCoin","06/09/2017","PlusCoin.txt"
"Pluton","30/06/2016","Pluton.txt"
"Po.et","13/07/2017","Po.et.txt"
"Polis","11/02/2018","Polis.txt"
"Polkadot","09/10/2016","Polkadot.txt"
"Polybius","29/05/2017","Polybius.txt"
"Polymath","01/02/2018","Polymath.txt"
"PolySwarm","20/02/2018","PolySwarm.txt"
"Populous","01/12/2017","Populous.txt"
"Poseidon Network","17/02/2019","Poseidon Network.txt"
"PoSToken","04/12/2017","PoSToken.txt"
"PotCoin","10/04/2016","PotCoin.txt"
"Power","31/10/2017","Power.txt"
"Power Ledger","25/08/2017","Power Ledger.txt"
"Powerchain","05/08/2018","Powerchain.txt"
"Presearch","23/07/2017","Presearch.txt"
"PressOne","21/02/2019","PressOne.txt"
"Primalbase","01/05/2017","Primalbase.txt"
"Primas","10/11/2017","Primas.txt"
"Primecoin","07/07/2013","Primecoin.txt"
"Privatix","01/05/2019","Privatix.txt"
"Probit","07/06/2019","Probit.txt"
"ProChain","02/12/2017","ProChain.txt"
"Project Coin","13/09/2018","Project Coin.txt"
"Project Pai","01/10/2017","Project Pai.txt"
"Prometeus","18/05/2018","Prometeus.txt"
"Promotion Coin","08/11/2018","Promotion Coin.txt"
"Propy","17/07/2017","Propy.txt"
"Proton","14/08/2018","Proton.txt"
"Provoco","28/02/2018","Provoco.txt"
"ProximaX","01/04/2018","ProximaX.txt"
"Publica","17/10/2017","Publica.txt"
"PUBLYTO","03/11/2018","PUBLYTO.txt"
"PumaPay","22/03/2018","PumaPay.txt"
"PundiX","20/01/2018","PundiX.txt"
"Pura","20/11/2017","Pura.txt"
"Puregold","01/10/2017","Puregold.txt"
"PWR Coin","01/06/2019","PWR Coin.txt"
"Pylon Network","24/09/2017","Pylon Network.txt"
"QASH","30/10/2017","QASH.txt"
"Qbao","01/01/2019","Qbao.txt"
"Qbic","13/02/2018","Qbic.txt"
"qchi","14/08/2018","qchi.txt"
"Qiibee","14/01/2019","Qiibee.txt"
"QLCchain","27/11/2017","QLCchain.txt"
"Qtum","14/03/2017","Qtum.txt"
"QuadrantProtocol","26/06/2018","QuadrantProtocol.txt"
"Quant","31/01/2018","Quant.txt"
"Quanta Utility Token","01/09/2018","Quanta Utility Token.txt"
"Quantstamp","07/10/2017","Quantstamp.txt"
"Quantum Resistance Ledger","01/10/2016","Quantum Resistance Ledger.txt"
"QuarkChain","03/06/2018","QuarkChain.txt"
"QuasarCoin","24/01/2018","QuasarCoin.txt"
"Quinads","01/09/2018","Quinads.txt"
"QunQun","24/01/2018","QunQun.txt"
"Qvolta","09/10/2017","Qvolta.txt"
"Radium","18/01/2016","Radium.txt"
"Ragnarok","20/09/2018","Ragnarok.txt"
"Raiden Network","12/10/2017","Raiden Network.txt"
"Rally","23/05/2019","Rally.txt"
"Rankingball Gold","01/08/2019","Rankingball Gold.txt"
"Rate3","01/02/2018","Rate3.txt"
"Ravencoin","03/04/2018","Ravencoin.txt"
"Rchain","12/01/2017","Rchain.txt"
"Real Estate Investment Token","30/05/2019","Real Estate Investment Token.txt"
"RealChain","01/12/2017","RealChain.txt"
"RealityClash","16/11/2018","RealityClash.txt"
"RealTract","13/09/2018","RealTract.txt"
"REBL","22/01/2018","REBL.txt"
"RECORD","30/04/2018","RECORD.txt"
"RED","01/04/2018","RED.txt"
"Red Pulse","19/07/2017","Red Pulse.txt"
"Reddcoin","30/09/2016","Reddcoin.txt"
"REDFOXLABS","01/03/2019","REDFOXLABS.txt"
"Refereum","25/01/2018","Refereum.txt"
"RefToken","01/07/2017","RefToken.txt"
"regalcoin","12/11/2018","regalcoin.txt"
"Remme","01/01/2018","Remme.txt"
"Ren","01/02/2019","Ren.txt"
"Rentberry","05/12/2017","Rentberry.txt"
"Rento","16/10/2018","Rento.txt"
"Repme","03/10/2018","Repme.txt"
"REPO","30/08/2018","REPO.txt"
"Republic Protocol","18/12/2017","Republic Protocol.txt"
"Request Network","16/03/2018","Request Network.txt"
"Reserve Stabilization Protocol","19/09/2019","Reserve Stabilization Protocol.txt"
"Restart Energy MWAT","01/12/2017","Restart Energy MWAT.txt"
"Rif Token","16/01/2019","Rif Token.txt"
"RightMesh","09/03/2018","RightMesh.txt"
"Ripio Credit Network","17/11/2017","Ripio Credit Network.txt"
"Ripple","29/08/2013","Ripple.txt"
"Rivetz","29/06/2017","Rivetz.txt"
"Robotina","21/03/2018","Robotina.txt"
"Rocket Pool","18/10/2018","Rocket Pool.txt"
"ROIyal Coin","01/01/2019","ROIyal Coin.txt"
"Rotharium","16/11/2017","Rotharium.txt"
"Rupiah Token","01/07/2019","Rupiah Token.txt"
"Russian Miner Coin","07/08/2017","Russian Miner Coin.txt"
"Ryo Currency","20/07/2018","Ryo Currency.txt"
"S4FE","16/01/2019","S4FE.txt"
"Safe Haven","24/02/2018","Safe Haven.txt"
"Safecoin","25/07/2018","Safecoin.txt"
"Safeguard","07/06/2018","Safeguard.txt"
"Safein","05/02/2018","Safein.txt"
"SafeInsure","27/09/2018","SafeInsure.txt"
"SagaCoin","02/03/2018","SagaCoin.txt"
"Sakura Bloom","17/05/2018","Sakura Bloom.txt"
"SalPay","27/11/2017","SalPay.txt"
"Salt Lending","09/08/2017","Salt Lending.txt"
"SaluS","01/09/2012","SaluS.txt"
"savedroid","26/01/2018","savedroid.txt"
"SCRIV NETWORK","31/08/2018","SCRIV NETWORK.txt"
"SDChain","01/02/2018","SDChain.txt"
"SealChain","09/07/2019","SealChain.txt"
"Seele","03/04/2018","Seele.txt"
"SEER","04/07/2018","SEER.txt"
"SelfSell","23/01/2018","SelfSell.txt"
"Sense","16/11/2018","Sense.txt"
"Sentinel","06/03/2018","Sentinel.txt"
"Sentinel Protocol","28/03/2018","Sentinel Protocol.txt"
"Sessia","27/07/2019","Sessia.txt"
"SF Capital","23/10/2018","SF Capital.txt"
"SGPay","01/01/2018","SGPay.txt"
"Shadow Token","01/08/2017","Shadow Token.txt"
"Shard","19/06/2019","Shard.txt"
"Sharder","23/02/2018","Sharder.txt"
"Sharechain","19/11/2017","Sharechain.txt"
"Sharpay","06/09/2018","Sharpay.txt"
"Sharpe Platform Token","03/10/2017","Sharpe Platform Token.txt"
"SHIELD","20/11/2017","SHIELD.txt"
"Shift","05/03/2018","Shift.txt"
"ShipChain","13/12/2017","ShipChain.txt"
"Shivers","31/12/2017","Shivers.txt"
"Shivom","03/05/2018","Shivom.txt"
"ShowHand","25/12/2017","ShowHand.txt"
"SHPING","01/02/2018","SHPING.txt"
"Siacoin","29/11/2014","Siacoin.txt"
"SIBCoin","15/11/2017","SIBCoin.txt"
"Signals Network","01/04/2017","Signals Network.txt"
"Signatum","08/01/2017","Signatum.txt"
"Silent Notary","12/02/2018","Silent Notary.txt"
"Silverway Token","28/06/2019","Silverway Token.txt"
"Simmitri","26/03/2018","Simmitri.txt"
"Simone Coin","06/08/2019","Simone Coin.txt"
"SingularityNET","01/02/2019","SingularityNET.txt"
"SIRIN LABS","11/12/2017","SIRIN LABS.txt"
"Six Domain Chain","18/07/2018","Six Domain Chain.txt"
"SakuraCoin","01/10/2018","SakuraCoin.txt"
"Skychain","05/05/2018","Skychain.txt"
"Skycoin","14/06/2017","Skycoin.txt"
"SKYFchain","21/11/2018","SKYFchain.txt"
"Smart Bitcoin","24/11/2018","Smart Bitcoin.txt"
"SMART VALOR","01/11/2018","SMART VALOR.txt"
"SmartCash","16/09/2017","SmartCash.txt"
"SmartMesh","29/11/2017","SmartMesh.txt"
"SmartsFox","19/09/2018","SmartsFox.txt"
"Smartshare","01/03/2018","Smartshare.txt"
"Smartup","17/11/2018","Smartup.txt"
"SnipCoin","25/09/2017","SnipCoin.txt"
"SnowGem","25/12/2017","SnowGem.txt"
"Sociall","01/08/2018","Sociall.txt"
"Sola Token","01/10/2017","Sola Token.txt"
"Solve Care","08/01/2018","Solve Care.txt"
"SoMee.Social","01/05/2017","SoMee.Social.txt"
"SONM","05/05/2017","SONM.txt"
"SOOM","04/09/2018","SOOM.txt"
"SoPay","01/06/2018","SoPay.txt"
"SophiaTX","13/11/2017","SophiaTX.txt"
"Soverain","29/08/2019","Soverain.txt"
"Sp8de","28/10/2017","Sp8de.txt"
"SpaceChain","24/01/2018","SpaceChain.txt"
"SpaceCoin","18/11/2017","SpaceCoin.txt"
"SpankChain","23/10/2017","SpankChain.txt"
"Sparkster","10/06/2019","Sparkster.txt"
"Spectiv","07/12/2017","Spectiv.txt"
"Spendcoin","20/09/2018","Spendcoin.txt"
"Sphere","12/02/2018","Sphere.txt"
"SpiderVPS","15/03/2019","SpiderVPS.txt"
"SPIN Protocol","25/05/2019","SPIN Protocol.txt"
"Sport and Leisure","01/10/2018","Sport and Leisure.txt"
"SpreadCoin","05/10/2014","SpreadCoin.txt"
"SRCoin","01/03/2018","SRCoin.txt"
"StableUSD","21/11/2017","StableUSD.txt"
"StakeNet","01/06/2019","StakeNet.txt"
"Staker","31/07/2018","Staker.txt"
"StarterCoin","20/01/2018","StarterCoin.txt"
"STASIS","31/07/2018","STASIS.txt"
"Status","15/06/2017","Status.txt"
"Steem","01/08/2017","Steem.txt"
"SteepCoin","23/11/2017","SteepCoin.txt"
"Stellar","01/08/2014","Stellar.txt"
"Stellar Classic","01/06/2019","Stellar Classic.txt"
"Stellar Gold","15/05/2019","Stellar Gold.txt"
"Stellite","01/04/2018","Stellite.txt"
"Stem Cell Coin","16/10/2018","Stem Cell Coin.txt"
"STEX","28/10/2017","STEX.txt"
"STK","01/12/2017","STK.txt"
"StockChain","30/03/2018","StockChain.txt"
"Storeum","16/07/2019","Storeum.txt"
"Storiqa","27/11/2017","Storiqa.txt"
"Storj","30/10/2018","Storj.txt"
"Storm","16/10/2017","Storm.txt"
"Stox","25/07/2017","Stox.txt"
"STPT","01/05/2019","STPT.txt"
"Stratis","12/08/2016","Stratis.txt"
"streamr","25/07/2017","streamr.txt"
"Substratum","13/08/2017","Substratum.txt"
"subx","06/11/2018","subx.txt"
"Sugar Exchange","23/12/2017","Sugar Exchange.txt"
"SunContract","01/04/2017","SunContract.txt"
"Super Game Chain","25/05/2018","Super Game Chain.txt"
"Super Zero","10/01/2019","Super Zero.txt"
"suqa","15/10/2018","suqa.txt"
"SureRemit","09/01/2018","SureRemit.txt"
"Suretly","09/07/2017","Suretly.txt"
"Swace","15/07/2018","Swace.txt"
"Swarm","01/04/2018","Swarm.txt"
"Sweetbridge","21/05/2018","Sweetbridge.txt"
"SwftCoin","13/02/2018","SwftCoin.txt"
"SwiftCash","28/11/2018","SwiftCash.txt"
"Swipe","04/06/2019","Swipe.txt"
"SwissBorg","16/11/2017","SwissBorg.txt"
"Switcheo","02/02/2018","Switcheo.txt"
"SyncFab","03/08/2018","SyncFab.txt"
"Synthetix Network","11/06/2018","Synthetix Network.txt"
"tagz","11/06/2019","tagz.txt"
"Taklimakan Network","05/04/2019","Taklimakan Network.txt"
"Tao","04/08/2016","Tao.txt"
"Tap","25/12/2019","Tap.txt"
"Target Coin","30/09/2017","Target Coin.txt"
"Tarush","07/05/2019","Tarush.txt"
"TaTaTu","11/06/2018","TaTaTu.txt"
"TCOIN","12/11/2017","TCOIN.txt"
"TE FOOD","17/03/2018","TE FOOD.txt"
"Telcoin","19/09/2017","Telcoin.txt"
"Telos","15/08/2018","Telos.txt"
"TenX","21/06/2017","TenX.txt"
"Tera","05/02/2019","Tera.txt"
"Terra","01/04/2019","Terra.txt"
"TeslaCoilCoin","01/09/2017","TeslaCoilCoin.txt"
"Tether","25/02/2015","Tether.txt"
"Tether Gold","23/01/2020","Tether Gold.txt"
"Tezos","02/09/2014","Tezos.txt"
"Thar Token","14/11/2018","Thar Token.txt"
"The tokenized hardware","02/02/2018","The tokenized hardware.txt"
"The WoT.City original","05/01/2017","The WoT.City original.txt"
"THEKEY","01/10/2017","THEKEY.txt"
"Themis","01/03/2018","Themis.txt"
"Theta","11/11/2018","Theta.txt"
"Thrive Token","15/02/2018","Thrive Token.txt"
"ThunderCore","03/05/2019","ThunderCore.txt"
"Ticko","10/06/2018","Ticko.txt"
"Tierion","25/06/2017","Tierion.txt"
"Ties.DB","01/04/2017","Ties.DB.txt"
"Tigereum","08/12/2017","Tigereum.txt"
"Time New Bank","07/01/2018","Time New Bank.txt"
"TimeBox","01/01/2018","TimeBox.txt"
"TimeMoney","01/09/2018","TimeMoney.txt"
"Timicoin","04/09/2018","Timicoin.txt"
"Titan Coin","27/04/2019","Titan Coin.txt"
"Titanium Blockchain","26/10/2017","Titanium Blockchain.txt"
"Tokenbox","20/04/2018","Tokenbox.txt"
"TokenCard","04/04/2017","TokenCard.txt"
"Tokenomy","27/01/2018","Tokenomy.txt"
"TokenPay","01/09/2018","TokenPay.txt"
"Tokenstars","01/09/2017","Tokenstars.txt"
"Tokia","03/12/2017","Tokia.txt"
"Tokugawa","02/03/2018","Tokugawa.txt"
"TomoChain","21/03/2018","TomoChain.txt"
"TopChain","23/01/2018","TopChain.txt"
"Traceability Chain","01/05/2018","Traceability Chain.txt"
"Tracto","01/08/2017","Tracto.txt"
"Traid","23/07/2018","Traid.txt"
"TrakInvest","15/12/2017","TrakInvest.txt"
"Transcodium","07/01/2018","Transcodium.txt"
"Tratok","13/11/2018","Tratok.txt"
"travala","01/12/2018","travala.txt"
"Travelflex","01/12/2017","Travelflex.txt"
"Traxia","01/02/2018","Traxia.txt"
"Treelion","02/10/2019","Treelion.txt"
"TrezarCoin","27/11/2017","TrezarCoin.txt"
"Trinity","14/01/2018","Trinity.txt"
"Tripio","01/07/2018","Tripio.txt"
"Trittium","29/05/2018","Trittium.txt"
"TRON","07/09/2017","TRON.txt"
"True Chain","24/01/2018","True Chain.txt"
"True USD","23/03/2018","True USD.txt"
"TrueFeedBack","01/06/2019","TrueFeedBack.txt"
"TrueFlip","01/11/2017","TrueFlip.txt"
"Truegame","16/04/2018","Truegame.txt"
"TrustVerse","01/09/2018","TrustVerse.txt"
"TTC Protocol","01/03/2018","TTC Protocol.txt"
"Turtlecoin","10/02/2018","Turtlecoin.txt"
"TV","20/04/2018","TV.txt"
"Twinkle","01/12/2018","Twinkle.txt"
"TWIST","18/04/2018","TWIST.txt"
"Typerium","26/06/2018","Typerium.txt"
"U Network","01/08/2017","U Network.txt"
"Ubcoin Market","02/04/2018","Ubcoin Market.txt"
"Ubricoin","01/09/2018","Ubricoin.txt"
"ugChain","23/01/2018","ugChain.txt"
"Ultiledger","11/07/2018","Ultiledger.txt"
"Ultra","18/07/2019","Ultra.txt"
"Ultrain","22/11/2018","Ultrain.txt"
"UltrAlpha","16/08/2019","UltrAlpha.txt"
"UltraNote Coin","04/11/2017","UltraNote Coin.txt"
"Unibright","12/04/2018","Unibright.txt"
"Unification","11/02/2019","Unification.txt"
"Unikoin Gold","21/09/2017","Unikoin Gold.txt"
"United Traders Token","29/11/2017","United Traders Token.txt"
"Universa","08/09/2017","Universa.txt"
"UnlimitedIP","24/01/2018","UnlimitedIP.txt"
"Uos","12/08/2019","Uos.txt"
"Upfiring","21/12/2017","Upfiring.txt"
"Uptrennd","08/05/2019","Uptrennd.txt"
"Uquid Coin","20/12/2017","Uquid Coin.txt"
"Uranus","15/07/2019","Uranus.txt"
"USC","23/11/2018","USC.txt"
"USD Coin","05/10/2018","USD Coin.txt"
"Usechain Token","08/08/2018","Usechain Token.txt"
"UTRUST","02/11/2017","UTRUST.txt"
"V Dimension","24/01/2019","V Dimension.txt"
"V ID","01/03/2019","V ID.txt"
"V Systems","20/01/2019","V Systems.txt"
"ValueChain","10/02/2018","ValueChain.txt"
"Vanta Network","27/05/2019","Vanta Network.txt"
"Vechain","01/05/2018","Vechain.txt"
"Vega Protocol","04/09/2018","Vega Protocol.txt"
"Velas","05/10/2019","Velas.txt"
"Verasity","21/05/2018","Verasity.txt"
"Verge","15/06/2016","Verge.txt"
"VeriBlock","02/04/2019","VeriBlock.txt"
"Versess","13/08/2019","Versess.txt"
"vestchain","10/11/2018","vestchain.txt"
"Vetri","23/02/2018","Vetri.txt"
"Vexanium","16/05/2018","Vexanium.txt"
"Vezt","27/10/2017","Vezt.txt"
"Viacoin","23/09/2017","Viacoin.txt"
"VIBE","04/12/2017","VIBE.txt"
"Viberate","23/10/2017","Viberate.txt"
"VideoCoin","07/11/2017","VideoCoin.txt"
"Viewly","20/01/2018","Viewly.txt"
"VikkyToken","07/08/2018","VikkyToken.txt"
"VINchain","23/02/2018","VINchain.txt"
"Vipstar Coin","17/02/2018","Vipstar Coin.txt"
"VisionX","28/09/2018","VisionX.txt"
"Vitae","11/03/2019","Vitae.txt"
"VITE","25/06/2018","VITE.txt"
"Vites","10/10/2018","Vites.txt"
"Viuly","19/11/2017","Viuly.txt"
"VNT Chain","17/11/2018","VNT Chain.txt"
"Voise","01/01/2018","Voise.txt"
"Volume Network","27/06/2019","Volume Network.txt"
"VoteCoin","06/09/2017","VoteCoin.txt"
"VouchForMe","16/01/2018","VouchForMe.txt"
"vSportCoin","17/09/2018","vSportCoin.txt"
"vTorrent","18/12/2017","vTorrent.txt"
"W Green Pay","29/08/2018","W Green Pay.txt"
"WaBi","26/11/2017","WaBi.txt"
"WABnetwork","16/07/2019","WABnetwork.txt"
"wagerr","01/06/2017","wagerr.txt"
"Waltonchain","08/02/2018","Waltonchain.txt"
"Wanchain","01/10/2017","Wanchain.txt"
"Waves","02/06/2016","Waves.txt"
"Wavesbet","23/04/2019","Wavesbet.txt"
"WAX","29/03/2018","WAX.txt"
"WaykiChain","01/04/2018","WaykiChain.txt"
"WazirX","02/06/2016","WazirX.txt"
"Webcoin","01/03/2018","Webcoin.txt"
"WebDollar","23/03/2019","WebDollar.txt"
"Welltrado","01/04/2018","Welltrado.txt"
"WePower","01/02/2018","WePower.txt"
"wetoken","03/11/2018","wetoken.txt"
"WeTrust","20/04/2017","WeTrust.txt"
"WhaleCoin","27/08/2017","WhaleCoin.txt"
"WHEN Token","19/03/2018","WHEN Token.txt"
"White Standard","01/05/2018","White Standard.txt"
"Whole Network","17/09/2019","Whole Network.txt"
"Wild Crypto","05/09/2017","Wild Crypto.txt"
"WINCOIN","04/12/2017","WINCOIN.txt"
"Wings","26/09/2016","Wings.txt"
"Wink","02/08/2019","Wink.txt"
"WinToken","06/09/2019","WinToken.txt"
"Wirex Token","02/08/2019","Wirex Token.txt"
"WITChain","15/10/2018","WITChain.txt"
"Woodcoin","31/10/2014","Woodcoin.txt"
"Worldcore","19/12/2017","Worldcore.txt"
"Wowoo","22/02/2018","Wowoo.txt"
"WPP TOKEN","20/09/2018","WPP TOKEN.txt"
"Wrapped Bitcoin","24/01/2019","Wrapped Bitcoin.txt"
"wys Token","31/01/2018","wys Token.txt"
"X12 Coin","18/07/2018","X12 Coin.txt"
"x42","01/09/2018","x42.txt"
"X8X Token","10/08/2018","X8X Token.txt"
"Xaurum","01/11/2017","Xaurum.txt"
"xCrypt","24/05/2019","xCrypt.txt"
"Xenoverse","01/07/2019","Xenoverse.txt"
"XinFin Network","01/09/2017","XinFin Network.txt"
"XPA","01/01/2018","XPA.txt"
"Xriba","23/05/2018","Xriba.txt"
"XRT token","11/07/2018","XRT token.txt"
"XTRABYTES","20/04/2017","XTRABYTES.txt"
"XTRD","07/03/2018","XTRD.txt"
"XYO Network","01/01/2018","XYO Network.txt"
"Yap Stone","09/11/2019","Yap Stone.txt"
"YEE","01/01/2018","YEE.txt"
"YENTEN","20/12/2017","YENTEN.txt"
"Yggdrash","09/10/2018","Yggdrash.txt"
"YottaChain","01/10/2018","YottaChain.txt"
"YOUChain","01/02/2018","YOUChain.txt"
"YOYOW","21/05/2017","YOYOW.txt"
"Yuan Chain Coin","09/01/2018","Yuan Chain Coin.txt"
"Zap","11/05/2018","Zap.txt"
"Zcash","18/05/2014","Zcash.txt"
"Zcoin","06/10/2016","Zcoin.txt"
"ZCore","01/08/2018","ZCore.txt"
"Zealium","07/05/2018","Zealium.txt"
"Zebi","17/02/2018","Zebi.txt"
"Zeepin","30/12/2017","Zeepin.txt"
"Zen Protocol","16/10/2017","Zen Protocol.txt"
"ZenCash","01/05/2017","ZenCash.txt"
"ZENZO","08/11/2018","ZENZO.txt"
"ZEON","07/11/2018","ZEON.txt"
"Zephyr","01/08/2017","Zephyr.txt"
"ZeusCrowdfunding","01/12/2018","ZeusCrowdfunding.txt"
"Zeusshield","22/07/2017","Zeusshield.txt"
"ZeuxCoin","23/07/2019","ZeuxCoin.txt"
"Zilla","01/11/2017","Zilla.txt"
"Zilliqa","10/08/2017","Zilliqa.txt"
"Zipper","10/05/2018","Zipper.txt"
"ZMINE","01/08/2018","ZMINE.txt"
"ZrCoin","09/05/2017","ZrCoin.txt"
